model,mae,rmse,mape,smape,r2,dir_accuracy,mae_season,rmse_season
Naive (last week),392.453125,803.1402235911239,26.07624825123114,25.49583918791142,0.9058016240203843,57.48031496062992,911.4509803921569,1269.531085271483
Seasonal Naive (ly),941.0078024839744,1956.4049353185599,62.946532817019055,74.79963298298978,0.4410433073609785,65.35433070866141,2184.621166415284,3094.340931025712
Weekly Mean,906.1339393028845,1923.2454123355762,55.821688633283394,71.17742906601865,0.4598304841501649,74.01574803149606,2105.8974358974356,3042.4798646274253
Weekly Median,927.125,1938.3894776146212,60.49561949087361,80.42626538762102,0.45129016021613577,68.50393700787401,2140.0392156862745,3065.7108506197783
SARIMAX (rolling),314.32064159005995,727.1815299784362,21.621392966951994,21.188464952519915,0.9227770585405691,59.84251968503938,720.6886462576527,1149.2688934511216
